Id,ORGANIZATION,NAME,GENDER,SPECIALITY,ADDRESS,CITY,STATE,ZIP,LAT,LON,UTILIZATION
0f4db68f-7743-3960-b373-4a47d811dec2,5e765f2b-e908-3888-9fc7-df2cb87beb58,Ludivina884 Steuber698,F,GENERAL PRACTICE,211 PARK STREET,ATTLEBORO,MA,02703,41.931653,-71.294503,46
2d85c411-b7bb-3133-8903-276c2e31f452,e002090d-4e92-300e-b41e-7d1f21dee4c6,Víctor493 Noriega353,M,GENERAL PRACTICE,1493 CAMBRIDGE STREET,CAMBRIDGE,MA,02138,42.375967,-71.118275,5
6373febb-90f8-37da-bacb-23ee9c8ad945,49318f80-bd8b-3fc7-a096-ac43088b0c12,Bernard308 Carter549,M,GENERAL PRACTICE,30 LOCUST STREET,NORTHAMPTON,MA,01060,42.327044,-72.67463000000002,182
6c547cc7-1901-3e07-9823-58783300be58,fbf6180e-b800-3ebe-b91d-93d0288c400e,Jodie811 Wintheiser220,F,GENERAL PRACTICE,164 HIGH STREET,GREENFIELD,MA,01301,42.614671,-72.597063,107
32702d79-17ef-3b87-81b4-6d3b9ffccd8a,4bdaa4c2-c664-3089-aee2-7137abbad27f,Burt293 Quigley282,M,GENERAL PRACTICE,100 SOUTH STREET,SOUTHBRIDGE,MA,01550,42.059669,-72.03404,7
74e8c85e-b952-3d83-9fde-3b4875d0770d,37b4d73f-652d-3033-a16e-d97b9e8b4cda,Jerold208 Spencer878,M,GENERAL PRACTICE,25 HIGHLAND AVENUE,NEWBURYPORT,MA,01950,42.812141,-70.886646,29
88d2e4e6-9260-3e46-ac93-43d61015e61a,37c0de84-bcaf-3624-82bf-a89b2ac441b8,Octavio643 Schaefer657,M,GENERAL PRACTICE,85 HERRICK STREET,BEVERLY,MA,01915,42.556659,-70.84496,29
05bc3b8c-d018-34a5-8cbe-52823cab8017,4f3a530e-a2f7-3de0-9a09-c0a70a9ab894,Ashlyn643 Walker122,F,GENERAL PRACTICE,725 NORTH STREET,PITTSFIELD,MA,01201,42.452045,-73.26054,62
d662984d-ef8b-3bd2-83b0-354f30f738ba,b1ddf812-1fdd-3adf-b1d5-32cc8bd07ebb,Amos720 Jacobson885,M,GENERAL PRACTICE,275 SANDWICH STREET,PLYMOUTH,MA,02360,41.897892,-70.62403,4
84871f55-aae0-396d-b394-b8fe7f58fd69,b0e04623-b02c-3f8b-92ea-943fc4db60da,Willena258 Oberbrunner298,F,GENERAL PRACTICE,295 VARNUM AVENUE,LOWELL,MA,01854,42.638893,-71.32210699999997,311
432d5119-2134-3566-9636-c7a25ef75e20,fd328395-ab1d-35c6-a2d0-d05a9a79cf11,Douglass930 Windler79,M,GENERAL PRACTICE,271 CAREW STREET,SPRINGFIELD,MA,01104,42.115454,-72.539978,10
abbdd38a-adb8-3bd0-bb0d-96477128bbc9,d692e283-0833-3201-8e55-4f868a9c0736,Damaris45 Borer986,F,GENERAL PRACTICE,585 LEBANON STREET,MELROSE,MA,02176,42.455723,-71.05901899999998,189
a1c6a1e2-461f-3fa4-b418-6db5ec666655,8ad64ecf-c817-3753-bee7-006a8e662e06,Antwan357 Harris789,M,GENERAL PRACTICE,88 WASHINGTON STREET,TAUNTON,MA,02780,41.903323,-71.094984,173
7e12746d-fe93-350f-b16d-8da1fc9121b0,44bef9d3-91c2-3005-93e0-ccf436348ff0,Harris789 Blanda868,M,GENERAL PRACTICE,243 CHARLES STREET,BOSTON,MA,02114,42.33196,-71.020173,62
4326941f-a8d5-3658-93cb-6baa8d7eaecb,9a7149fa-49fc-3c87-b935-d29c55808717,Marcelene872 Mayert710,F,GENERAL PRACTICE,125 PARKER HILL AVENUE,BOSTON,MA,02120,42.33196,-71.020173,89
41da58de-2be9-33f3-9e75-6faf7c1b030d,24cb4eab-6166-3530-bddc-a5a8a14a4fc1,Olive251 Pollich983,F,GENERAL PRACTICE,14 PROSPECT STREET,MILFORD,MA,01757,42.158692,-71.521419,40
12019ea9-2edb-3e8b-a5b7-d715ad54c22f,3d10019f-c88e-3de5-9916-6107b9c0263d,Ester635 Aguayo104,F,GENERAL PRACTICE,2014 WASHINGTON STREET,NEWTON,MA,02462,42.331876,-71.208402,97
7ff689b9-ad65-37f6-bd92-fdc8b0d234e5,f4e7709c-02f6-37ca-aeea-8247d74e88e7,Andrea7 Hirthe744,M,GENERAL PRACTICE,41 HIGHLAND AVENUE,WINCHESTER,MA,01890,42.452752,-71.144319,42
c37315d0-08e9-3a71-b046-0835fdbdb50b,d733d4a9-080d-3593-b910-2366e652b7ea,Garry927 Witting912,M,GENERAL PRACTICE,1153 CENTRE STREET,BOSTON,MA,02130,42.33196,-71.020173,5
b71e647e-2e98-3316-ba03-87fd33e94759,3bd5eda0-16da-3ba5-8500-4dfd6ae118b8,Courtney281 Bradtke547,M,GENERAL PRACTICE,800 WASHINGTON STREET,NORWOOD,MA,02062,42.18736,-71.195955,28
fdedc5ef-65d7-3d10-a821-d1e7846d426d,d5117822-5756-389d-9547-891a372d580f,Regena252 Kunde533,F,GENERAL PRACTICE,67 & 100 TER HEUN DRIVE,FALMOUTH,MA,02540,41.57072,-70.556682,38
3466d9fb-8c37-317c-9c94-10f34a122729,465de31f-3098-365c-af70-48a071e1f5aa,Alta896 Schiller186,F,GENERAL PRACTICE,115 LINCOLN STREET,FRAMINGHAM,MA,01701,42.307905,-71.436196,46
26770feb-36bd-33a6-a255-4acfc0cc3310,80e919cc-df1a-3838-b75e-541564a286e5,Donnell534 Lehner980,M,GENERAL PRACTICE,57 PROSPECT STREET,NANTUCKET,MA,02554,41.293416,-70.10216899999999,58
1715c9e4-80a8-36c4-b974-1b74b08fd071,d7b11827-25f2-350b-bcd8-939fc59851b0,Annika454 Murazik203,F,GENERAL PRACTICE,300 LONGWOOD AVENUE,BOSTON,MA,02115,42.33196,-71.020173,18
7308cb67-e3b9-354e-be0b-ade91219ff33,5103c940-0c08-392f-95cd-446e0cea042a,Harris789 Funk324,M,GENERAL PRACTICE,516 CAREW STREET,SPRINGFIELD,MA,01104,42.115454,-72.539978,125
7b807c2e-548c-3f04-bef3-779371a1580c,973e7384-d05b-32ad-a8cc-c39191ee9150,Zackary401 Sauer652,M,GENERAL PRACTICE,152 N ST,PITTSFILED,MA,01201,42.452045,-73.26054,63
e3e727c4-5824-3086-b685-bb5f48dc8124,438a54db-5c75-3b76-9357-9028a57babc4,Micheal721 Heathcote539,M,CLINICAL PSYCHOLOGIST,356 MONTAGUE CITY RD,TURNERS FALLS,MA,01376-1830,42.597445,-72.555278,0
6934ba3a-33a1-3c8e-8bf3-b8684d9f2cf6,438a54db-5c75-3b76-9357-9028a57babc4,Queen50 Cruickshank494,F,CLINICAL PSYCHOLOGIST,356 MONTAGUE CITY RD,TURNERS FALLS,MA,01376-1830,42.597445,-72.555278,0
ce289e51-83cb-39f5-9973-57f29fe36efb,438a54db-5c75-3b76-9357-9028a57babc4,Micheal721 Heathcote539,M,CLINICAL SOCIAL WORKER,356 MONTAGUE CITY RD,TURNERS FALLS,MA,01376-1830,42.597445,-72.555278,0
29cc730c-6f17-3e77-8413-36b32a04cb6b,438a54db-5c75-3b76-9357-9028a57babc4,Ruth999 Heathcote539,F,GENERAL PRACTICE,356 MONTAGUE CITY RD,TURNERS FALLS,MA,01376-1830,42.597445,-72.555278,33
ed04abf5-0cd0-36dc-bc4a-2af42f32bf36,d6155326-7127-3791-8031-7704e5d867ce,Lolita963 Considine820,F,OPTOMETRY,124 WATERTOWN ST,WATERTOWN,MA,02472-2599,42.369451,-71.177925,0
0a10b2a8-5389-3925-acc8-a55e56504c33,d6155326-7127-3791-8031-7704e5d867ce,Latisha994 Windler79,F,OPTOMETRY,124 WATERTOWN ST,WATERTOWN,MA,02472-2599,42.369451,-71.177925,0
f98dc38d-9c3f-32cb-b7a3-ac99a7df97f4,d6155326-7127-3791-8031-7704e5d867ce,Freddy176 Considine820,M,GENERAL PRACTICE,124 WATERTOWN ST,WATERTOWN,MA,02472-2599,42.369451,-71.177925,18
a74688dd-62ac-34cd-a644-227db75ecbcc,271b5492-bf28-368c-bbf4-292a532bd090,Celesta195 Herman763,F,CLINICAL PSYCHOLOGIST,57 RT,ORLEANS,MA,02653-2409,41.76935,-69.969034,0
af42a11b-9cff-3b54-bdf7-5a6cac93d4f1,271b5492-bf28-368c-bbf4-292a532bd090,Blanch844 D'Amore443,F,CLINICAL PSYCHOLOGIST,57 RT,ORLEANS,MA,02653-2409,41.76935,-69.969034,0
52c491d3-23fe-360f-bed8-4f78fc095e95,271b5492-bf28-368c-bbf4-292a532bd090,Celesta195 Herman763,F,GENERAL PRACTICE,57 RT,ORLEANS,MA,02653-2409,41.76935,-69.969034,59
c1becd7f-4ae3-3b8b-86b6-fa1fadcc0b80,07832985-ceca-3614-852a-2da55166ecec,Alphonso102 Denesik803,M,CLINICAL PSYCHOLOGIST,165 OLD KINGS RD,ORLEANS,MA,02653,41.76935,-69.969034,0
7adb8af5-841d-3940-88c9-385c4f087652,07832985-ceca-3614-852a-2da55166ecec,Alphonso102 Denesik803,M,GENERAL PRACTICE,165 OLD KINGS RD,ORLEANS,MA,02653,41.76935,-69.969034,11
5bedd4d7-dbd7-3747-9206-5650021625e9,4f51b495-ff6a-3b1d-87af-fb6c433a71df,Hana676 Ratke343,F,NURSE PRACTITIONER,23 WARREN AVE,WOBURN,MA,01801-4979,42.488769,-71.154438,0
d6b1e113-9018-3e78-9c70-68423f8c1d2f,4f51b495-ff6a-3b1d-87af-fb6c433a71df,Felicia295 Rolfson709,F,NURSE PRACTITIONER,23 WARREN AVE,WOBURN,MA,01801-4979,42.488769,-71.154438,0
47d46973-e610-32cc-91c6-aadca48fe3b5,4f51b495-ff6a-3b1d-87af-fb6c433a71df,Hana676 Ratke343,F,AUDIOLOGIST,23 WARREN AVE,WOBURN,MA,01801-4979,42.488769,-71.154438,0
629ab1ac-58ea-3545-82d4-5dd5cc7c2366,4f51b495-ff6a-3b1d-87af-fb6c433a71df,Felicia295 Rolfson709,F,AUDIOLOGIST,23 WARREN AVE,WOBURN,MA,01801-4979,42.488769,-71.154438,0
805e894d-4039-3642-a272-78dc277ceda4,4f51b495-ff6a-3b1d-87af-fb6c433a71df,Amparo58 Heathcote539,F,AUDIOLOGIST,23 WARREN AVE,WOBURN,MA,01801-4979,42.488769,-71.154438,0
b4cad586-67a7-3721-aae0-90e0b2ebf2e8,4f51b495-ff6a-3b1d-87af-fb6c433a71df,Ervin886 Cruickshank494,M,AUDIOLOGIST,23 WARREN AVE,WOBURN,MA,01801-4979,42.488769,-71.154438,0
396a5c36-6afb-3495-b3a7-7b0713528315,4f51b495-ff6a-3b1d-87af-fb6c433a71df,Doria135 Quitzon246,F,AUDIOLOGIST,23 WARREN AVE,WOBURN,MA,01801-4979,42.488769,-71.154438,0
67eaf455-2bb3-391f-8791-62c019061c87,4f51b495-ff6a-3b1d-87af-fb6c433a71df,Danette111 Leffler128,F,AUDIOLOGIST,23 WARREN AVE,WOBURN,MA,01801-4979,42.488769,-71.154438,0
a9d81785-26c0-3244-ad08-03e8a8d8797e,4f51b495-ff6a-3b1d-87af-fb6c433a71df,Brendan864 Smith67,M,AUDIOLOGIST,23 WARREN AVE,WOBURN,MA,01801-4979,42.488769,-71.154438,0
558bc45e-f496-3ab3-8afa-a26772d589fb,4f51b495-ff6a-3b1d-87af-fb6c433a71df,Roxie199 O'Keefe54,F,AUDIOLOGIST,23 WARREN AVE,WOBURN,MA,01801-4979,42.488769,-71.154438,0
b8a997b3-81e5-35b6-9a59-a946ef004801,4f51b495-ff6a-3b1d-87af-fb6c433a71df,Hana676 Ratke343,F,PSYCHIATRY,23 WARREN AVE,WOBURN,MA,01801-4979,42.488769,-71.154438,0
1f962d70-5ec3-3130-91dc-20cf14cb99c9,4f51b495-ff6a-3b1d-87af-fb6c433a71df,Bret7 Rolfson709,M,PSYCHIATRY,23 WARREN AVE,WOBURN,MA,01801-4979,42.488769,-71.154438,0
3ca78c67-c89f-3a71-9abc-0d051f988e64,4f51b495-ff6a-3b1d-87af-fb6c433a71df,Hana676 Ratke343,F,GENERAL PRACTICE,23 WARREN AVE,WOBURN,MA,01801-4979,42.488769,-71.154438,30
4187a583-7933-338a-aadc-428546c56091,4f51b495-ff6a-3b1d-87af-fb6c433a71df,Samual455 Ratke343,M,INTERNAL MEDICINE,23 WARREN AVE,WOBURN,MA,01801-4979,42.488769,-71.154438,0
988c38fd-ce46-30c8-9690-eb483114e001,4f51b495-ff6a-3b1d-87af-fb6c433a71df,Bret7 Rolfson709,M,INTERNAL MEDICINE,23 WARREN AVE,WOBURN,MA,01801-4979,42.488769,-71.154438,0
c1f3e38d-0fb3-3a8a-8cf3-46603f82fd85,4f51b495-ff6a-3b1d-87af-fb6c433a71df,Barrett790 Heathcote539,M,INTERNAL MEDICINE,23 WARREN AVE,WOBURN,MA,01801-4979,42.488769,-71.154438,0
e3325f3e-3907-3ca1-9c2a-7af4d5d5bfe3,4f51b495-ff6a-3b1d-87af-fb6c433a71df,Ervin886 Cruickshank494,M,INTERNAL MEDICINE,23 WARREN AVE,WOBURN,MA,01801-4979,42.488769,-71.154438,0
c9f3e262-7093-30d2-a6d7-48450a99b51c,4f51b495-ff6a-3b1d-87af-fb6c433a71df,Doria135 Quitzon246,F,INTERNAL MEDICINE,23 WARREN AVE,WOBURN,MA,01801-4979,42.488769,-71.154438,0
73e5b276-f90f-3ec3-ba62-291ab7fb949f,4f51b495-ff6a-3b1d-87af-fb6c433a71df,Kelley882 Leffler128,M,INTERNAL MEDICINE,23 WARREN AVE,WOBURN,MA,01801-4979,42.488769,-71.154438,0
4469c7fa-ee3f-33ba-b72c-a15f553c8093,4f51b495-ff6a-3b1d-87af-fb6c433a71df,Shemika942 Smith67,F,INTERNAL MEDICINE,23 WARREN AVE,WOBURN,MA,01801-4979,42.488769,-71.154438,0
88f1f951-a6fb-3e70-ab22-820d0ba9cd5a,4f51b495-ff6a-3b1d-87af-fb6c433a71df,Freddy176 O'Keefe54,M,INTERNAL MEDICINE,23 WARREN AVE,WOBURN,MA,01801-4979,42.488769,-71.154438,0
1b61d352-e259-36e4-99de-ede947eb9e4e,4f51b495-ff6a-3b1d-87af-fb6c433a71df,Tula326 Douglas31,F,INTERNAL MEDICINE,23 WARREN AVE,WOBURN,MA,01801-4979,42.488769,-71.154438,0
48dbf2df-71f5-3b90-90ae-3a553d0e1cab,4f51b495-ff6a-3b1d-87af-fb6c433a71df,Salvatore257 Aufderhar910,M,INTERNAL MEDICINE,23 WARREN AVE,WOBURN,MA,01801-4979,42.488769,-71.154438,0
48014170-4070-3ae6-9820-1940abf348ca,4f51b495-ff6a-3b1d-87af-fb6c433a71df,Sandra485 Collins926,F,INTERNAL MEDICINE,23 WARREN AVE,WOBURN,MA,01801-4979,42.488769,-71.154438,0
f03ebae5-81d1-339b-917b-b9ba35f10f8a,4f51b495-ff6a-3b1d-87af-fb6c433a71df,Britt177 Wilkinson796,M,INTERNAL MEDICINE,23 WARREN AVE,WOBURN,MA,01801-4979,42.488769,-71.154438,0
0bb23a81-299d-3aa2-a52e-27e06b53fc98,4f51b495-ff6a-3b1d-87af-fb6c433a71df,Mel236 Gislason620,M,INTERNAL MEDICINE,23 WARREN AVE,WOBURN,MA,01801-4979,42.488769,-71.154438,0
e86ae00f-5e2c-3fcf-baf1-c432683f26a9,4f51b495-ff6a-3b1d-87af-fb6c433a71df,Trevor374 Gutkowski940,M,INTERNAL MEDICINE,23 WARREN AVE,WOBURN,MA,01801-4979,42.488769,-71.154438,0
739d1095-0cd9-33a7-91f4-4d690b690063,4f51b495-ff6a-3b1d-87af-fb6c433a71df,Germán350 Casárez469,M,INTERNAL MEDICINE,23 WARREN AVE,WOBURN,MA,01801-4979,42.488769,-71.154438,0
f7701166-3105-3bc9-9dbf-799c1f2ae46a,4f51b495-ff6a-3b1d-87af-fb6c433a71df,Chadwick722 Kilback373,M,INTERNAL MEDICINE,23 WARREN AVE,WOBURN,MA,01801-4979,42.488769,-71.154438,0
1ff49306-a041-35fe-96af-61af369504f7,4f51b495-ff6a-3b1d-87af-fb6c433a71df,Clemente531 Reyes140,M,INTERNAL MEDICINE,23 WARREN AVE,WOBURN,MA,01801-4979,42.488769,-71.154438,0
88ef4eea-ab8b-3e49-b590-3fd1748db8a1,4f51b495-ff6a-3b1d-87af-fb6c433a71df,Asley870 Marvin195,F,INTERNAL MEDICINE,23 WARREN AVE,WOBURN,MA,01801-4979,42.488769,-71.154438,0
7ad3c11b-bc66-31c1-84ba-8474334e48de,4f51b495-ff6a-3b1d-87af-fb6c433a71df,Antonio44 Serrato62,M,INTERNAL MEDICINE,23 WARREN AVE,WOBURN,MA,01801-4979,42.488769,-71.154438,0
62aa160c-edb0-37e9-9f61-a6cc5cd6c97a,4f51b495-ff6a-3b1d-87af-fb6c433a71df,Cheryll577 Weimann465,F,INTERNAL MEDICINE,23 WARREN AVE,WOBURN,MA,01801-4979,42.488769,-71.154438,0
cd8ba3f9-ad8f-36de-9037-464c458aa69a,4f51b495-ff6a-3b1d-87af-fb6c433a71df,Olene159 Rogahn59,F,INTERNAL MEDICINE,23 WARREN AVE,WOBURN,MA,01801-4979,42.488769,-71.154438,0
da045247-0771-3315-aa6b-b8d1b75e813f,4f51b495-ff6a-3b1d-87af-fb6c433a71df,Santos184 Schaden604,M,INTERNAL MEDICINE,23 WARREN AVE,WOBURN,MA,01801-4979,42.488769,-71.154438,0
56c0c8f9-0396-345b-83c1-8c296ecd06f0,c1414e2c-48df-3428-92a4-ac36114a2a45,Cori307 Ritchie586,F,PHYSICAL THERAPY,160 ROUTE 137,EAST HARWICH,MA,02645-1316,41.708597,-70.031856,0
ed13dd20-13ae-356f-becd-ddfc197086c8,c1414e2c-48df-3428-92a4-ac36114a2a45,Marcel580 Lynch190,M,PHYSICAL THERAPY,160 ROUTE 137,EAST HARWICH,MA,02645-1316,41.708597,-70.031856,0
896c1c72-9c28-338f-b47b-4418322c5464,c1414e2c-48df-3428-92a4-ac36114a2a45,Cyril535 Stroman228,M,PHYSICAL THERAPY,160 ROUTE 137,EAST HARWICH,MA,02645-1316,41.708597,-70.031856,0
ec5b33c5-4284-3d79-ab5c-e244139baafb,c1414e2c-48df-3428-92a4-ac36114a2a45,Gregorio366 Chacón810,M,PHYSICAL THERAPY,160 ROUTE 137,EAST HARWICH,MA,02645-1316,41.708597,-70.031856,0
8bba0a8c-152d-3c95-ab43-b7ab8fcea6b1,c1414e2c-48df-3428-92a4-ac36114a2a45,Cori307 Ritchie586,F,GENERAL PRACTICE,160 ROUTE 137,EAST HARWICH,MA,02645-1316,41.708597,-70.031856,40
35c7a217-a780-3c9c-94b1-2c44a885e9b8,901b8ebe-f338-3aa4-8cce-5fe855e466c2,Margarett339 Robel940,F,GENERAL PRACTICE,1200 CONVERSE ST,LONGMEADOW,MA,01106-1760,42.047565000000006,-72.57113000000001,49
e23c61c4-7d45-3a9f-a0d0-d2548ad6ff25,f9feb224-da71-34f8-a37b-cbaca51ee431,Bernardo699 Kunze215,M,GENERAL PRACTICE,221 QUINCY AVE B,QUINCY,MA,02169-6754,42.261006,-71.008988,33
81449fd5-bd2b-3c79-b7fe-9926755d73a1,9aad70a5-7d3c-3907-8177-b56f43db7005,Ozzie259 O'Reilly797,M,PHYSICAL THERAPY,15 MANNING RD,MIDDLETON,MA,01949-1526,42.610513,-71.007118,0
134540f7-6390-3ae2-a6c1-fdd9201cae4f,9aad70a5-7d3c-3907-8177-b56f43db7005,Hedwig986 O'Reilly797,F,GENERAL PRACTICE,15 MANNING RD,MIDDLETON,MA,01949-1526,42.610513,-71.007118,42
d3649f9f-67fd-3c80-bd96-8f475dc6a254,586d90ae-7754-30c2-996b-9e62e75227d3,Ronny764 Abshire638,M,NURSE PRACTITIONER,163 N MAIN ST,NORTH BROOKFIELD,MA,01535-1400,42.267564,-72.06687600000001,0
2b8d1e43-c71a-3ad0-9c9d-95c775a64a28,586d90ae-7754-30c2-996b-9e62e75227d3,Thomasena108 Senger904,F,NURSE PRACTITIONER,163 N MAIN ST,NORTH BROOKFIELD,MA,01535-1400,42.267564,-72.06687600000001,0
c24ba7d4-96ab-3653-83ce-cf831cb1fba2,586d90ae-7754-30c2-996b-9e62e75227d3,Ronny764 Abshire638,M,GENERAL PRACTICE,163 N MAIN ST,NORTH BROOKFIELD,MA,01535-1400,42.267564,-72.06687600000001,19
435317d3-ee8b-36f5-a133-5029c974fe53,219754e0-e530-3e9d-a496-987d1d7c8705,Kieth891 Lebsack687,M,CHIROPRACTIC,194 CENTRAL ST,SAUGUS,MA,01906-2107,42.468432,-71.01394599999999,0
beafdec8-0878-3450-b9fb-9be197a153bc,219754e0-e530-3e9d-a496-987d1d7c8705,Kieth891 Lebsack687,M,PHYSICAL THERAPY,194 CENTRAL ST,SAUGUS,MA,01906-2107,42.468432,-71.01394599999999,0
25b10180-1e58-3555-88f5-d75a996d903e,219754e0-e530-3e9d-a496-987d1d7c8705,Kieth891 Lebsack687,M,GENERAL PRACTICE,194 CENTRAL ST,SAUGUS,MA,01906-2107,42.468432,-71.01394599999999,46
f3a67039-79c4-34b5-9c65-d331cd2fbafa,18c9efe7-ec0e-3c35-b58d-738000e2036e,Faviola526 Rath779,F,PHYSICAL THERAPY,44 RIVULET ST,UXBRIDGE,MA,01569-3134,42.061166,-71.643628,0
3cdc0c8d-5ce9-3b36-8c97-64e67ae996ff,18c9efe7-ec0e-3c35-b58d-738000e2036e,Faviola526 Rath779,F,GENERAL PRACTICE,44 RIVULET ST,UXBRIDGE,MA,01569-3134,42.061166,-71.643628,38
22d2a149-d0ce-36fb-89a1-668016e1ea96,d8fa4036-9c9d-3aab-94ae-dfd93364d0b8,Harriett813 Boyle917,F,PHYSICAL THERAPY,80 PARK ST,ATTLEBORO,MA,02703-2335,41.931653000000004,-71.294503,0
6b634b2a-96f2-3ae3-96d2-c4268703a6d0,d8fa4036-9c9d-3aab-94ae-dfd93364d0b8,Aaron697 Von197,M,PHYSICAL THERAPY,80 PARK ST,ATTLEBORO,MA,02703-2335,41.931653000000004,-71.294503,0
3059b083-8f25-353c-8f5c-81d7e78aba73,d8fa4036-9c9d-3aab-94ae-dfd93364d0b8,Judy192 Koepp521,F,PHYSICAL THERAPY,80 PARK ST,ATTLEBORO,MA,02703-2335,41.931653000000004,-71.294503,0
9e032588-4f47-3905-a7cd-10e730351c30,d8fa4036-9c9d-3aab-94ae-dfd93364d0b8,Javier97 Baca589,M,PHYSICAL THERAPY,80 PARK ST,ATTLEBORO,MA,02703-2335,41.931653000000004,-71.294503,0
3054c4f5-3b78-3a67-8cd9-a6544ed72d0d,d8fa4036-9c9d-3aab-94ae-dfd93364d0b8,Anthony633 McLaughlin530,F,PHYSICAL THERAPY,80 PARK ST,ATTLEBORO,MA,02703-2335,41.931653000000004,-71.294503,0
719ae95c-131b-3b94-aed1-39ea87972382,d8fa4036-9c9d-3aab-94ae-dfd93364d0b8,Harriett813 Boyle917,F,GENERAL PRACTICE,80 PARK ST,ATTLEBORO,MA,02703-2335,41.931653000000004,-71.294503,28
897b578e-4159-3d9a-aa39-e675a9a95e10,326cf4da-678f-3c88-b807-0231e99cca68,Reinaldo138 Stehr398,M,GENERAL PRACTICE,20 HOMER AVE,ASHLAND,MA,01721-1752,42.257754999999996,-71.473526,50
0bc37ff4-df1a-3678-8caa-d0e8e6b5b3ec,326cf4da-678f-3c88-b807-0231e99cca68,Reinaldo138 Stehr398,M,INTERNAL MEDICINE,20 HOMER AVE,ASHLAND,MA,01721-1752,42.257754999999996,-71.473526,0
e57d69d6-5f47-3ee9-a29a-79f7e165cfa2,b4f385ce-3f32-3097-9754-4ea83d91f11d,Blair400 Borer986,M,NURSE PRACTITIONER,106 NEW STATE HWY,RAYNHAM,MA,02767-5446,41.930477,-71.046214,0
5b933968-cc3b-3b2f-8305-4085aae3287b,b4f385ce-3f32-3097-9754-4ea83d91f11d,Filiberto722 Ullrich385,M,NURSE PRACTITIONER,106 NEW STATE HWY,RAYNHAM,MA,02767-5446,41.930477,-71.046214,0
dae015dd-8e07-3164-afa8-f5160048f07c,b4f385ce-3f32-3097-9754-4ea83d91f11d,Thaddeus38 Emard19,M,NURSE PRACTITIONER,106 NEW STATE HWY,RAYNHAM,MA,02767-5446,41.930477,-71.046214,0
a24d03c1-17d1-3fac-9c45-1e2e282107b0,b4f385ce-3f32-3097-9754-4ea83d91f11d,Clark193 Barton704,M,NURSE PRACTITIONER,106 NEW STATE HWY,RAYNHAM,MA,02767-5446,41.930477,-71.046214,0
0f6cebc4-f612-33e3-a2e8-b9fba286390d,b4f385ce-3f32-3097-9754-4ea83d91f11d,Elisa944 Espinal146,F,EMERGENCY MEDICINE,106 NEW STATE HWY,RAYNHAM,MA,02767-5446,41.930477,-71.046214,0
aba6355f-9606-39ec-afdb-3d9bbedb4e2b,b4f385ce-3f32-3097-9754-4ea83d91f11d,Victoria535 Ullrich385,F,EMERGENCY MEDICINE,106 NEW STATE HWY,RAYNHAM,MA,02767-5446,41.930477,-71.046214,0
09c7e5fa-3df9-3133-ba74-cc9a28a5246c,b4f385ce-3f32-3097-9754-4ea83d91f11d,Thaddeus38 Emard19,M,EMERGENCY MEDICINE,106 NEW STATE HWY,RAYNHAM,MA,02767-5446,41.930477,-71.046214,0
da4fec47-6cbd-3c8a-b184-a83b0d1ae8de,b4f385ce-3f32-3097-9754-4ea83d91f11d,Lindsey52 Barton704,F,EMERGENCY MEDICINE,106 NEW STATE HWY,RAYNHAM,MA,02767-5446,41.930477,-71.046214,0
06dd768a-a73f-3811-880e-79ac83778201,b4f385ce-3f32-3097-9754-4ea83d91f11d,Alaine226 Borer986,F,PHYSICIAN ASSISTANT,106 NEW STATE HWY,RAYNHAM,MA,02767-5446,41.930477,-71.046214,0
449747c7-4817-39b2-8314-7297fb5ebecc,b4f385ce-3f32-3097-9754-4ea83d91f11d,Victoria535 Ullrich385,F,PHYSICIAN ASSISTANT,106 NEW STATE HWY,RAYNHAM,MA,02767-5446,41.930477,-71.046214,0
cd422923-9882-3138-8f76-e30a0d196438,b4f385ce-3f32-3097-9754-4ea83d91f11d,Malika385 Emard19,F,PHYSICIAN ASSISTANT,106 NEW STATE HWY,RAYNHAM,MA,02767-5446,41.930477,-71.046214,0
ba9be8e2-f526-3db1-aab3-47b265212cce,b4f385ce-3f32-3097-9754-4ea83d91f11d,Alaine226 Borer986,F,GENERAL PRACTICE,106 NEW STATE HWY,RAYNHAM,MA,02767-5446,41.930477,-71.046214,61
883c5850-d97e-3de3-a697-be8fdbd98c8c,6a1edf74-50e2-3f76-8f4b-f856c7baf839,Omar359 Schneider199,M,GENERAL PRACTICE,790 BOSTON RD,BILLERICA,MA,01821-5938,42.559673,-71.260947,47
1256b495-30c3-3743-a078-e233d28397dc,6a1edf74-50e2-3f76-8f4b-f856c7baf839,Ryan260 Schneider199,F,INTERNAL MEDICINE,790 BOSTON RD,BILLERICA,MA,01821-5938,42.559673,-71.260947,0
0a5fb6de-a87a-35e0-b245-dc8d6912941a,6a1edf74-50e2-3f76-8f4b-f856c7baf839,Zachariah133 Spinka232,M,INTERNAL MEDICINE,790 BOSTON RD,BILLERICA,MA,01821-5938,42.559673,-71.260947,0
a5a1e6cb-612a-39bf-ac10-1f49e4a48711,6a1edf74-50e2-3f76-8f4b-f856c7baf839,Deane47 O'Conner199,F,INTERNAL MEDICINE,790 BOSTON RD,BILLERICA,MA,01821-5938,42.559673,-71.260947,0
cf35f2a2-efaa-391f-85d7-4d8abecaf07d,6a1edf74-50e2-3f76-8f4b-f856c7baf839,Maynard46 Koss676,M,INTERNAL MEDICINE,790 BOSTON RD,BILLERICA,MA,01821-5938,42.559673,-71.260947,0
ace2a864-5b06-3aca-a8e2-e3115807d119,6a1edf74-50e2-3f76-8f4b-f856c7baf839,Jesus702 Armstrong51,F,INTERNAL MEDICINE,790 BOSTON RD,BILLERICA,MA,01821-5938,42.559673,-71.260947,0
3d33895e-927b-3830-bd61-2bf7ce4acd7b,6a1edf74-50e2-3f76-8f4b-f856c7baf839,Ingeborg677 Sipes176,F,INTERNAL MEDICINE,790 BOSTON RD,BILLERICA,MA,01821-5938,42.559673,-71.260947,0
5177c18d-2f87-36db-b00f-96262cbdd7ac,6a1edf74-50e2-3f76-8f4b-f856c7baf839,Gloria696 Acevedo301,F,INTERNAL MEDICINE,790 BOSTON RD,BILLERICA,MA,01821-5938,42.559673,-71.260947,0
9039d51c-62b7-3d84-b71f-054b779cb2fd,7fa71098-67c9-349b-9fff-a1e6d2c223f2,Bambi5 Lubowitz58,F,GENERAL PRACTICE,355 WAVERLEY OAKS RD,WALTHAM,MA,02452-8480,42.388921,-71.24226800000001,38
ed8b41e9-5365-3a49-ad5f-91bd8a8f174f,a73d9755-246c-3e55-8d71-f720bc20e2e0,Leone669 Runolfsson901,F,GENERAL PRACTICE,151 EVERETT AVE,CHELSEA,MA,02150-1812,42.396824,-71.031348,76
61d7ca3a-7017-3f55-a710-be8dd4c7ae88,ac17850e-9ee0-34aa-86b0-7814530f26e8,Trey250 Schaden604,M,NURSE PRACTITIONER,345 MAIN ST,TEWKSBURY,MA,01876-1745,42.612088,-71.227845,0
29780ac0-34e7-3a5d-8341-b82037a2f701,ac17850e-9ee0-34aa-86b0-7814530f26e8,Cornelius968 Mitchell808,M,NURSE PRACTITIONER,345 MAIN ST,TEWKSBURY,MA,01876-1745,42.612088,-71.227845,0
4d1bd8c5-fd65-36ae-8e1a-1cf0c6137747,ac17850e-9ee0-34aa-86b0-7814530f26e8,Nikole56 Volkman526,F,NURSE PRACTITIONER,345 MAIN ST,TEWKSBURY,MA,01876-1745,42.612088,-71.227845,0
cb9a2ad1-4d29-3548-bc0f-2b5bf4bd7784,ac17850e-9ee0-34aa-86b0-7814530f26e8,Horacio317 Nava670,M,NURSE PRACTITIONER,345 MAIN ST,TEWKSBURY,MA,01876-1745,42.612088,-71.227845,0
cd083970-b439-3d61-be26-1fef36f6b288,ac17850e-9ee0-34aa-86b0-7814530f26e8,Davis923 Gottlieb798,M,NURSE PRACTITIONER,345 MAIN ST,TEWKSBURY,MA,01876-1745,42.612088,-71.227845,0
4207cfbb-ef7b-3c5d-8bdf-e0d61f7450b1,ac17850e-9ee0-34aa-86b0-7814530f26e8,Jay242 Boyer713,M,NURSE PRACTITIONER,345 MAIN ST,TEWKSBURY,MA,01876-1745,42.612088,-71.227845,0
cc30bcfc-9ae8-3d30-96f9-e4943d7efd18,ac17850e-9ee0-34aa-86b0-7814530f26e8,Gidget756 Ullrich385,F,NURSE PRACTITIONER,345 MAIN ST,TEWKSBURY,MA,01876-1745,42.612088,-71.227845,0
f782a9cb-7bc0-3758-b482-a7928df71846,ac17850e-9ee0-34aa-86b0-7814530f26e8,Tanner110 Weissnat378,M,NURSE PRACTITIONER,345 MAIN ST,TEWKSBURY,MA,01876-1745,42.612088,-71.227845,0
8540601c-4a02-3a97-b9ca-03bd02398d00,ac17850e-9ee0-34aa-86b0-7814530f26e8,Joannie32 Gleichner915,F,NURSE PRACTITIONER,345 MAIN ST,TEWKSBURY,MA,01876-1745,42.612088,-71.227845,0
d064ac52-80bc-3961-b0c8-1d4c4d7fee29,ac17850e-9ee0-34aa-86b0-7814530f26e8,Isela504 Bogisich202,F,NURSE PRACTITIONER,345 MAIN ST,TEWKSBURY,MA,01876-1745,42.612088,-71.227845,0
db67c68d-0e66-34ee-9627-5720fc8a8045,ac17850e-9ee0-34aa-86b0-7814530f26e8,Floyd420 Parker433,M,NURSE PRACTITIONER,345 MAIN ST,TEWKSBURY,MA,01876-1745,42.612088,-71.227845,0
6073b81a-29f9-328c-94e4-ea8fa8210754,ac17850e-9ee0-34aa-86b0-7814530f26e8,Candy565 Schaden604,F,EMERGENCY MEDICINE,345 MAIN ST,TEWKSBURY,MA,01876-1745,42.612088,-71.227845,0
db799768-b234-33c1-b72b-89c0e6eb0277,ac17850e-9ee0-34aa-86b0-7814530f26e8,Aurea194 Mitchell808,F,EMERGENCY MEDICINE,345 MAIN ST,TEWKSBURY,MA,01876-1745,42.612088,-71.227845,0
df8209aa-9655-3114-967d-4cf520462c01,ac17850e-9ee0-34aa-86b0-7814530f26e8,Trey250 Schaden604,M,PHYSICIAN ASSISTANT,345 MAIN ST,TEWKSBURY,MA,01876-1745,42.612088,-71.227845,0
22883852-bafc-364e-ae2b-34c6b13b37b9,ac17850e-9ee0-34aa-86b0-7814530f26e8,Cornelius968 Mitchell808,M,PHYSICIAN ASSISTANT,345 MAIN ST,TEWKSBURY,MA,01876-1745,42.612088,-71.227845,0
b5fdf666-0e60-3347-93fb-10c9e3290a3b,ac17850e-9ee0-34aa-86b0-7814530f26e8,Nikole56 Volkman526,F,PHYSICIAN ASSISTANT,345 MAIN ST,TEWKSBURY,MA,01876-1745,42.612088,-71.227845,0
34468b6c-773c-3b87-b1f0-2e79712902fc,ac17850e-9ee0-34aa-86b0-7814530f26e8,Candy565 Schaden604,F,FAMILY PRACTICE,345 MAIN ST,TEWKSBURY,MA,01876-1745,42.612088,-71.227845,0
ca4506a3-1a8b-3be7-9691-927c59876c20,ac17850e-9ee0-34aa-86b0-7814530f26e8,Esperanza675 Aparicio848,F,FAMILY PRACTICE,345 MAIN ST,TEWKSBURY,MA,01876-1745,42.612088,-71.227845,0
adfd8351-2773-3b6e-823d-76786e754aee,ac17850e-9ee0-34aa-86b0-7814530f26e8,Candy565 Schaden604,F,GENERAL PRACTICE,345 MAIN ST,TEWKSBURY,MA,01876-1745,42.612088,-71.227845,50
28b66d37-65ae-34bc-8804-7c9eea48e574,8d64552e-b21e-3da0-8129-e1c6d79ba429,Gilberto712 Gusikowski974,M,CLINICAL SOCIAL WORKER,23 A2 WHITE'S PATH,S YARMOUTH,MA,02664,41.667083,-70.200793,0
86d52798-cf4b-309b-9142-7b0f65415918,8d64552e-b21e-3da0-8129-e1c6d79ba429,Marion502 Hauck852,M,CLINICAL SOCIAL WORKER,23 A2 WHITE'S PATH,S YARMOUTH,MA,02664,41.667083,-70.200793,0
06817e97-b259-365d-9f80-3cff08fd4ff0,8d64552e-b21e-3da0-8129-e1c6d79ba429,Gilberto712 Gusikowski974,M,GENERAL PRACTICE,23 A2 WHITE'S PATH,S YARMOUTH,MA,02664,41.667083,-70.200793,45
849e4e56-e3d9-3f29-bb9b-b83cf6bb35f0,07c7e325-cf55-3ed7-b1ff-9d7c6375bc98,Gale827 Sporer811,F,GENERAL PRACTICE,800 WASHINGTON ST,NORWOOD,MA,02062-3487,42.187364,-71.195971,22
7cc5b62c-6412-3ba8-b2de-e1c42fe012b8,cf5662ba-b6a8-3d44-96c8-8d6fd7b05aaf,Chieko845 Senger904,F,PSYCHIATRY,470 MAIN ST,MASHPEE,MA,02649-2047,41.617622999999995,-70.492713,0
1574a8cf-bf1d-3541-bf23-38ab50ec80da,cf5662ba-b6a8-3d44-96c8-8d6fd7b05aaf,Chieko845 Senger904,F,CLINICAL SOCIAL WORKER,470 MAIN ST,MASHPEE,MA,02649-2047,41.617622999999995,-70.492713,0
c6fee5e3-6910-3785-87a9-1366028cd441,cf5662ba-b6a8-3d44-96c8-8d6fd7b05aaf,Keneth579 Senger904,M,GENERAL PRACTICE,470 MAIN ST,MASHPEE,MA,02649-2047,41.617622999999995,-70.492713,24
dba4c820-0e4b-3326-9fc5-c1163f7981ab,37c197b5-110f-339b-942e-272137f770b2,Celina578 Purdy2,F,NURSE PRACTITIONER,14 WILLIAMS ST,WILLIAMSBURG,MA,01096-9427,42.405414,-72.726043,0
29eb3861-ed51-3904-91d8-98f51d2da90b,37c197b5-110f-339b-942e-272137f770b2,Bobbi508 Ledner144,F,NURSE PRACTITIONER,14 WILLIAMS ST,WILLIAMSBURG,MA,01096-9427,42.405414,-72.726043,0
acc0cbe5-54e9-35a8-9dc7-2e368f4bd35c,37c197b5-110f-339b-942e-272137f770b2,Celina578 Purdy2,F,GENERAL PRACTICE,14 WILLIAMS ST,WILLIAMSBURG,MA,01096-9427,42.405414,-72.726043,45
3c3eeb23-6f86-32be-9cb3-8ee0551aa30a,37c197b5-110f-339b-942e-272137f770b2,Antone63 Purdy2,M,INTERNAL MEDICINE,14 WILLIAMS ST,WILLIAMSBURG,MA,01096-9427,42.405414,-72.726043,0
b1f144ae-eb05-31c1-8c0d-a75b4a3a831a,37c197b5-110f-339b-942e-272137f770b2,Bobbi508 Ledner144,F,INTERNAL MEDICINE,14 WILLIAMS ST,WILLIAMSBURG,MA,01096-9427,42.405414,-72.726043,0
52418a30-2f1e-3605-a098-a0adf591ec18,65ecdf62-6f9b-3051-824f-6f58a06fb732,Tam840 Glover433,F,GENERAL PRACTICE,66 E MAIN ST,GEORGETOWN,MA,01833-2112,42.726188,-70.983328,22
71dd7e5f-bee3-3491-aed2-9e45adf0dab3,a0a14713-50c4-3818-b0cb-8c2047f1458c,Kortney212 Davis923,F,PHYSICAL THERAPY,7 HERRING POND RD,CEDARVILLE,MA,02360-6903,41.888191,-70.59996600000002,0
5fe3f8de-e52d-3cb8-8508-7fb9bd7062a6,a0a14713-50c4-3818-b0cb-8c2047f1458c,Matthew562 Davis923,M,GENERAL PRACTICE,7 HERRING POND RD,CEDARVILLE,MA,02360-6903,41.888191,-70.59996600000002,19
b1f83152-d8af-3831-ad06-a6c72780c88c,92819cdc-db9e-387e-8c4f-4b2b4e8b2e4f,Valorie864 Ritchie586,F,GENERAL PRACTICE,1230 BRIDGE STREET,LOWELL,MA,1850,42.6653405,-71.3038939,3
2214f26f-b305-3821-a0f6-eedbb4d7e79a,0d1563c1-d56c-362e-9e3d-d74463ebbe0f,Frederic454 Hermann103,M,GENERAL PRACTICE,629 PLEASANT STREET,BROCKTON,MA,2301,42.0892313,-71.04551,4
fad30a42-b154-384a-93dc-aee473b71090,3265f387-6c51-32ee-8f6d-b2a89caa34d5,Johnathon489 Block661,M,GENERAL PRACTICE,151 EVERETT AVENUE,CHELSEA,MA,2150,42.3961274,-71.0392206,3
af7dfb92-eeba-3964-92ed-13e4c0f0922f,c63d0602-724d-3d74-958a-a31b1364eaef,Evan94 Durgan499,M,GENERAL PRACTICE,111 GROSSMAN DRIVE,BRAINTREE,MA,2184,42.21004,-70.999539,7
a4fcb408-5958-3812-8eee-61463037209c,d672f853-e2a5-324e-98fa-c6d5f8dfc255,Joellen497 Brekke496,F,GENERAL PRACTICE,9 HOPE AVENUE,WALTHAM,MA,2453,42.3700513,-71.2490152,1
a3a8e36c-4382-3fc5-ae5e-d87d6b3f2b7e,98d42012-384f-39d9-b210-cc654b9441f6,Jamar151 Stark857,M,GENERAL PRACTICE,525 LONG POND DRIVE,HARWICH,MA,2645,41.722586,-70.0372004,2
64905123-c65d-392d-88c5-a4fbd965f6eb,27f06acd-f732-3871-be87-889fef7d9010,Armando772 Griego535,M,GENERAL PRACTICE,489 BERNARDSTON ROAD,GREENFIELD,MA,1301,42.6087525,-72.5857131,3
d365eb32-f4df-369d-b628-f284a4169e85,b06770b5-b695-3c1a-9685-ae2223966ff7,Tresa661 DuBuque211,F,GENERAL PRACTICE,66 SOUTH WASHINGTON STREET,NORTH ATTLEBORO,MA,2760,41.9799756,-71.3329695,3
a787252e-b439-35e0-8568-2e34ffb903e2,108ccece-277a-396f-8bf2-1527f74458eb,Eda506 Marvin195,F,GENERAL PRACTICE,51 LOCUST STREET,NORTHAMPTON,MA,1060,42.3323152,-72.6545646,8
48e1dc68-2d6d-399d-9f69-fa3437a83b7d,700056a6-3aea-3efd-8423-a9acbd38a5ea,Violeta106 Walter473,F,GENERAL PRACTICE,106 UNITED STATES HIGHWAY 44,RAYNHAM,MA,2767,41.9051941,-71.0609995,1
5346d289-e828-31c0-bcf2-0da8eaff815d,308b5efa-a9c2-3728-b1ff-d29c5f060731,Katheleen349 Veum823,F,GENERAL PRACTICE,630 PLANTATION STREET,WORCESTER,MA,1605,42.2925591,-71.7603169,3
8e10201e-1c90-38f6-8286-14781d24cac7,90cf148c-69ed-3d33-aa86-b509c6b0b25f,Delmar187 O'Keefe54,M,GENERAL PRACTICE,170 GOVERNORS AVENUE,MEDFORD,MA,2155,42.4259086,-71.1113649,4
